{"cameraMode":{"drawMode":0,"name":"Shaded","section":"Shading Mode"},"sceneLighting":false,"audioPlay":false,"sceneViewState":{"m_AlwaysRefresh":false,"showFog":true,"showSkybox":false,"showFlares":true,"showImageEffects":true,"showParticleSystems":true,"showVisualEffectGraphs":true,"m_FxEnabled":true},"in2DMode":false,"pivot":{"x":39.345550537109378,"y":12.297765731811524,"z":0.8452978134155273},"rotation":{"x":0.054433610290288928,"y":-0.3107370138168335,"z":0.01782800257205963,"w":0.9487763047218323},"size":31.802879333496095,"orthographic":false}