{"cameraMode":{"drawMode":0,"name":"Shaded","section":"Shading Mode"},"sceneLighting":false,"audioPlay":false,"sceneViewState":{"m_AlwaysRefresh":false,"showFog":true,"showSkybox":false,"showFlares":true,"showImageEffects":true,"showParticleSystems":true,"showVisualEffectGraphs":true,"m_FxEnabled":true},"in2DMode":false,"pivot":{"x":-0.15921150147914887,"y":-2.2852041721343996,"z":0.7845574617385864},"rotation":{"x":0.054433610290288928,"y":-0.3107370138168335,"z":0.01782800257205963,"w":0.9487763047218323},"size":1.2247449159622193,"orthographic":false}